Model,Year
Optiplex 790,2011
OptiPlex 7010,2012
OptiPlex 755,2007
Latitude E5520,2011
Latitude E5530 non-vPro,2012
Latitude E5430 non-vPro,2012
Latitude E5540,2013
Latitude E7440,2013
Precision M6600,2011
Precision M2800,2014
Precision M4800,2013
Latitude E6410,2010
OptiPlex 760,2008
OptiPlex GX620,2005
Latitude E7450,2015
Precision M4600,2011
Latitude E5450,2015
Latitude 3450,2015
OptiPlex 3020,2013
Latitude 3150,2015
OptiPlex 745,2006
Latitude 7370,2016
OptiPlex 3040,2015
Latitude E7470,2016
Latitude 3350,2015
Latitude 3460,2016
Latitude E5470,2016
Latitude E5570,2016
Precision 3510,2015
Latitude E6330,2012
Latitude 7275,2016
OptiPlex 7040,2015
Latitude 3379,2016
Latitude E6430,2012
OptiPlex 3050,2017
OptiPlex 3040,2015
Precision 5520,2017
OptiPlex 7050,2017
Latitude 7480,2017
Latitude 5580,2017
Latitude E6320,2011
Latitude 3480,2017
Latitude D630,2007
Latitude 7280,2017
Latitude 7380,2017
Latitude 7389,2017
OptiPlex 9020,2013
Latitude 7285,2017
Precision 7720,2017
Latitude 7490,2018
Latitude 3390 2-in-1,2018
Latitude E7270,2016
OptiPlex 3010,2012
Vostro 2420,2012
Vostro 1440,2011
HP Compaq 6005 Pro SFF PC,2010
HP EliteBook Revolve 810 G1,2012
HP EliteBook Revolve 810 G2,2013
HP ProBook 6555b,2010
HP Compaq dc5800 Small Form Factor,2008
HP Compaq 6735b,2008
HP Compaq dc5850 Small Form Factor,2009
HP EliteDesk 800 G1 SFF,2014
HP ELITEDESK 800G1 SFF,2014
HP ProBook 450 G1,2013
HP ProBook 450 G2,2014
HP rp5800,2011
HP 340 G1,2014
HP ProBook 6545b,2009
HP Compaq 8200 Elite SFF PC,2011
HP Compaq 8000 Elite SFF PC,2009
HP ProDesk 400 G1 SFF,2013
HP ProBook 640 G1,2013
HP Compaq dc7800 Small Form Factor,2007
HP Compaq 6000 Pro SFF PC,2009
HP EliteBook 840 G2,2014
HP ProBook 4540s,2012
HP ProBook 6570b,2012
HP Compaq 6735b (KF688AV),2008
HP COMPAQ 8000 SFF,2009
HP Compaq Pro 6300 SFF,2012
HP ProBook 450 G3,2015
HP EliteBook 840 G3,2016
HP ProDesk 400 G2.5 SFF,2015
8215DGU,2005
821523U,2006
8215E7U,2006
6073A2U,2003
20AUS2M800,2013
88088NU,2006
Surface Pro 3,2014
